cks1,alex-co1,table1,1
cks2,alex-co2,table2,2
cks3,alex-co3,table3,3
cks4,alex-co4,table4,4
cks5,alex-co5,table5,5
cks6,alex-co6,table6,6
cks7,alex-co7,table7,7
cks8,alex-co8,table8,8
cks9,alex-co9,table9,9
cks10,alex-co10,table10,10
cks11,alex-co11,table11,11
cks12,alex-co12,table12,12
cks13,alex-co13,table13,13
cks14,alex-co14,table14,14
cks15,alex-co15,table15,15
cks16,alex-co16,table16,16
cks17,alex-co17,table17,17
cks18,alex-co18,table18,18
cks19,alex-co19,table19,19
cks20,alex-co20,table20,20
cks21,alex-co21,table21,21
cks22,alex-co22,table22,22
cks23,alex-co23,table23,23
cks24,alex-co24,table24,24
cks25,alex-co25,table25,25
cks26,alex-co26,table26,26
cks27,alex-co27,table27,27
cks28,alex-co28,table28,28
cks29,alex-co29,table29,29
cks30,alex-co30,table30,30
cks31,alex-co31,table31,31
cks32,alex-co32,table32,32
cks33,alex-co33,table33,33
cks34,alex-co34,table34,34
cks35,alex-co35,table35,35
cks36,alex-co36,table36,36
cks37,alex-co37,table37,37
cks38,alex-co38,table38,38
cks39,alex-co39,table39,39
cks40,alex-co40,table40,40
cks41,alex-co41,table41,41
cks42,alex-co42,table42,42
cks43,alex-co43,table43,43
cks44,alex-co44,table44,44
cks45,alex-co45,table45,45
cks46,alex-co46,table46,46
cks47,alex-co47,table47,47
cks48,alex-co48,table48,48
cks49,alex-co49,table49,49
cks50,alex-co50,table50,50
cks51,alex-co51,table51,51
cks52,alex-co52,table52,52
cks53,alex-co53,table53,53
cks54,alex-co54,table54,54
cks55,alex-co55,table55,55
cks56,alex-co56,table56,56
cks57,alex-co57,table57,57
cks58,alex-co58,table58,58
cks59,alex-co59,table59,59
cks60,alex-co60,table60,60
cks61,alex-co61,table61,61
cks62,alex-co62,table62,62
cks63,alex-co63,table63,63
cks64,alex-co64,table64,64
cks65,alex-co65,table65,65
cks66,alex-co66,table66,66
cks67,alex-co67,table67,67
cks68,alex-co68,table68,68
cks69,alex-co69,table69,69
cks70,alex-co70,table70,70
cks71,alex-co71,table71,71
cks72,alex-co72,table72,72
cks73,alex-co73,table73,73
cks74,alex-co74,table74,74
cks75,alex-co75,table75,75
cks76,alex-co76,table76,76
cks77,alex-co77,table77,77
cks78,alex-co78,table78,78
cks79,alex-co79,table79,79
cks80,alex-co80,table80,80
cks81,alex-co81,table81,81
cks82,alex-co82,table82,82
cks83,alex-co83,table83,83
cks84,alex-co84,table84,84
cks85,alex-co85,table85,85
cks86,alex-co86,table86,86
cks87,alex-co87,table87,87
cks88,alex-co88,table88,88
cks89,alex-co89,table89,89
cks90,alex-co90,table90,90
cks91,alex-co91,table91,91
cks92,alex-co92,table92,92
cks93,alex-co93,table93,93
cks94,alex-co94,table94,94
cks95,alex-co95,table95,95
cks96,alex-co96,table96,96
cks97,alex-co97,table97,97
cks98,alex-co98,table98,98
cks99,alex-co99,table99,99
cks100,alex-co100,table100,100
cks101,alex-co101,table101,101
cks102,alex-co102,table102,102
cks103,alex-co103,table103,103
cks104,alex-co104,table104,104
cks105,alex-co105,table105,105
cks106,alex-co106,table106,106
cks107,alex-co107,table107,107
cks108,alex-co108,table108,108
cks109,alex-co109,table109,109
cks110,alex-co110,table110,110
cks111,alex-co111,table111,111
cks112,alex-co112,table112,112
cks113,alex-co113,table113,113
cks114,alex-co114,table114,114
cks115,alex-co115,table115,115
cks116,alex-co116,table116,116
cks117,alex-co117,table117,117
cks118,alex-co118,table118,118
cks119,alex-co119,table119,119
cks120,alex-co120,table120,120
cks121,alex-co121,table121,121
cks122,alex-co122,table122,122
cks123,alex-co123,table123,123
cks124,alex-co124,table124,124
cks125,alex-co125,table125,125
cks126,alex-co126,table126,126
cks127,alex-co127,table127,127
cks128,alex-co128,table128,128
cks129,alex-co129,table129,129
cks130,alex-co130,table130,130
cks131,alex-co131,table131,131
cks132,alex-co132,table132,132
cks133,alex-co133,table133,133
cks134,alex-co134,table134,134
cks135,alex-co135,table135,135
cks136,alex-co136,table136,136
cks137,alex-co137,table137,137
cks138,alex-co138,table138,138
cks139,alex-co139,table139,139
cks140,alex-co140,table140,140
cks141,alex-co141,table141,141
cks142,alex-co142,table142,142
cks143,alex-co143,table143,143
cks144,alex-co144,table144,144
cks145,alex-co145,table145,145
cks146,alex-co146,table146,146
cks147,alex-co147,table147,147
cks148,alex-co148,table148,148
cks149,alex-co149,table149,149
cks150,alex-co150,table150,150
cks151,alex-co151,table151,151
cks152,alex-co152,table152,152
cks153,alex-co153,table153,153
cks154,alex-co154,table154,154
cks155,alex-co155,table155,155
cks156,alex-co156,table156,156
cks157,alex-co157,table157,157
cks158,alex-co158,table158,158
cks159,alex-co159,table159,159
cks160,alex-co160,table160,160
cks161,alex-co161,table161,161
cks162,alex-co162,table162,162
cks163,alex-co163,table163,163
cks164,alex-co164,table164,164
cks165,alex-co165,table165,165
cks166,alex-co166,table166,166
cks167,alex-co167,table167,167
cks168,alex-co168,table168,168
cks169,alex-co169,table169,169
cks170,alex-co170,table170,170
cks171,alex-co171,table171,171
cks172,alex-co172,table172,172
cks173,alex-co173,table173,173
cks174,alex-co174,table174,174
cks175,alex-co175,table175,175
cks176,alex-co176,table176,176
cks177,alex-co177,table177,177
cks178,alex-co178,table178,178
cks179,alex-co179,table179,179
cks180,alex-co180,table180,180
cks181,alex-co181,table181,181
cks182,alex-co182,table182,182
cks183,alex-co183,table183,183
cks184,alex-co184,table184,184
cks185,alex-co185,table185,185
cks186,alex-co186,table186,186
cks187,alex-co187,table187,187
cks188,alex-co188,table188,188
cks189,alex-co189,table189,189
cks190,alex-co190,table190,190
cks191,alex-co191,table191,191
cks192,alex-co192,table192,192
cks193,alex-co193,table193,193
cks194,alex-co194,table194,194
cks195,alex-co195,table195,195
cks196,alex-co196,table196,196
cks197,alex-co197,table197,197
cks198,alex-co198,table198,198
cks199,alex-co199,table199,199
cks200,alex-co200,table200,200
cks201,alex-co201,table201,201
cks202,alex-co202,table202,202
cks203,alex-co203,table203,203
cks204,alex-co204,table204,204
cks205,alex-co205,table205,205
cks206,alex-co206,table206,206
cks207,alex-co207,table207,207
cks208,alex-co208,table208,208
cks209,alex-co209,table209,209
cks210,alex-co210,table210,210
cks211,alex-co211,table211,211
cks212,alex-co212,table212,212
cks213,alex-co213,table213,213
cks214,alex-co214,table214,214
cks215,alex-co215,table215,215
cks216,alex-co216,table216,216
cks217,alex-co217,table217,217
cks218,alex-co218,table218,218
cks219,alex-co219,table219,219
cks220,alex-co220,table220,220
cks221,alex-co221,table221,221
cks222,alex-co222,table222,222
cks223,alex-co223,table223,223
cks224,alex-co224,table224,224
cks225,alex-co225,table225,225
cks226,alex-co226,table226,226
cks227,alex-co227,table227,227
cks228,alex-co228,table228,228
cks229,alex-co229,table229,229
cks230,alex-co230,table230,230
cks231,alex-co231,table231,231
cks232,alex-co232,table232,232
cks233,alex-co233,table233,233
cks234,alex-co234,table234,234
cks235,alex-co235,table235,235
cks236,alex-co236,table236,236
cks237,alex-co237,table237,237
cks238,alex-co238,table238,238
cks239,alex-co239,table239,239
cks240,alex-co240,table240,240
cks241,alex-co241,table241,241
cks242,alex-co242,table242,242
cks243,alex-co243,table243,243
cks244,alex-co244,table244,244
cks245,alex-co245,table245,245
cks246,alex-co246,table246,246
cks247,alex-co247,table247,247
cks248,alex-co248,table248,248
cks249,alex-co249,table249,249
cks250,alex-co250,table250,250
cks251,alex-co251,table251,251
cks252,alex-co252,table252,252
cks253,alex-co253,table253,253
cks254,alex-co254,table254,254
cks255,alex-co255,table255,255
cks256,alex-co256,table256,256
cks257,alex-co257,table257,257
cks258,alex-co258,table258,258
cks259,alex-co259,table259,259
cks260,alex-co260,table260,260
cks261,alex-co261,table261,261
cks262,alex-co262,table262,262
cks263,alex-co263,table263,263
cks264,alex-co264,table264,264
cks265,alex-co265,table265,265
cks266,alex-co266,table266,266
cks267,alex-co267,table267,267
cks268,alex-co268,table268,268
cks269,alex-co269,table269,269
cks270,alex-co270,table270,270
cks271,alex-co271,table271,271
cks272,alex-co272,table272,272
cks273,alex-co273,table273,273
cks274,alex-co274,table274,274
cks275,alex-co275,table275,275
cks276,alex-co276,table276,276
cks277,alex-co277,table277,277
cks278,alex-co278,table278,278
cks279,alex-co279,table279,279
cks280,alex-co280,table280,280
cks281,alex-co281,table281,281
cks282,alex-co282,table282,282
cks283,alex-co283,table283,283
cks284,alex-co284,table284,284
cks285,alex-co285,table285,285
cks286,alex-co286,table286,286
cks287,alex-co287,table287,287
cks288,alex-co288,table288,288
cks289,alex-co289,table289,289
cks290,alex-co290,table290,290
cks291,alex-co291,table291,291
cks292,alex-co292,table292,292
cks293,alex-co293,table293,293
cks294,alex-co294,table294,294
cks295,alex-co295,table295,295
cks296,alex-co296,table296,296
cks297,alex-co297,table297,297
cks298,alex-co298,table298,298
cks299,alex-co299,table299,299
cks300,alex-co300,table300,300
cks301,alex-co301,table301,301
cks302,alex-co302,table302,302
cks303,alex-co303,table303,303
cks304,alex-co304,table304,304
cks305,alex-co305,table305,305
cks306,alex-co306,table306,306
cks307,alex-co307,table307,307
cks308,alex-co308,table308,308
cks309,alex-co309,table309,309
cks310,alex-co310,table310,310
cks311,alex-co311,table311,311
cks312,alex-co312,table312,312
cks313,alex-co313,table313,313
cks314,alex-co314,table314,314
cks315,alex-co315,table315,315
cks316,alex-co316,table316,316
cks317,alex-co317,table317,317
cks318,alex-co318,table318,318
cks319,alex-co319,table319,319
cks320,alex-co320,table320,320
cks321,alex-co321,table321,321
cks322,alex-co322,table322,322
cks323,alex-co323,table323,323
cks324,alex-co324,table324,324
cks325,alex-co325,table325,325
cks326,alex-co326,table326,326
cks327,alex-co327,table327,327
cks328,alex-co328,table328,328
cks329,alex-co329,table329,329
cks330,alex-co330,table330,330
cks331,alex-co331,table331,331
cks332,alex-co332,table332,332
cks333,alex-co333,table333,333
cks334,alex-co334,table334,334
cks335,alex-co335,table335,335
cks336,alex-co336,table336,336
cks337,alex-co337,table337,337
cks338,alex-co338,table338,338
cks339,alex-co339,table339,339
cks340,alex-co340,table340,340
cks341,alex-co341,table341,341
cks342,alex-co342,table342,342
cks343,alex-co343,table343,343
cks344,alex-co344,table344,344
cks345,alex-co345,table345,345
cks346,alex-co346,table346,346
cks347,alex-co347,table347,347
cks348,alex-co348,table348,348
cks349,alex-co349,table349,349
cks350,alex-co350,table350,350
cks351,alex-co351,table351,351
cks352,alex-co352,table352,352
cks353,alex-co353,table353,353
cks354,alex-co354,table354,354
cks355,alex-co355,table355,355
cks356,alex-co356,table356,356
cks357,alex-co357,table357,357
cks358,alex-co358,table358,358
cks359,alex-co359,table359,359
cks360,alex-co360,table360,360
cks361,alex-co361,table361,361
cks362,alex-co362,table362,362
cks363,alex-co363,table363,363
cks364,alex-co364,table364,364
cks365,alex-co365,table365,365
cks366,alex-co366,table366,366
cks367,alex-co367,table367,367
cks368,alex-co368,table368,368
cks369,alex-co369,table369,369
cks370,alex-co370,table370,370
cks371,alex-co371,table371,371
cks372,alex-co372,table372,372
cks373,alex-co373,table373,373
cks374,alex-co374,table374,374
cks375,alex-co375,table375,375
cks376,alex-co376,table376,376
cks377,alex-co377,table377,377
cks378,alex-co378,table378,378
cks379,alex-co379,table379,379
cks380,alex-co380,table380,380
cks381,alex-co381,table381,381
cks382,alex-co382,table382,382
cks383,alex-co383,table383,383
cks384,alex-co384,table384,384
cks385,alex-co385,table385,385
cks386,alex-co386,table386,386
cks387,alex-co387,table387,387
cks388,alex-co388,table388,388
cks389,alex-co389,table389,389
cks390,alex-co390,table390,390
cks391,alex-co391,table391,391
cks392,alex-co392,table392,392
cks393,alex-co393,table393,393
cks394,alex-co394,table394,394
cks395,alex-co395,table395,395
cks396,alex-co396,table396,396
cks397,alex-co397,table397,397
cks398,alex-co398,table398,398
cks399,alex-co399,table399,399
cks400,alex-co400,table400,400
cks401,alex-co401,table401,401
cks402,alex-co402,table402,402
cks403,alex-co403,table403,403
cks404,alex-co404,table404,404
cks405,alex-co405,table405,405
cks406,alex-co406,table406,406
cks407,alex-co407,table407,407
cks408,alex-co408,table408,408
cks409,alex-co409,table409,409
cks410,alex-co410,table410,410
cks411,alex-co411,table411,411
cks412,alex-co412,table412,412
cks413,alex-co413,table413,413
cks414,alex-co414,table414,414
cks415,alex-co415,table415,415
cks416,alex-co416,table416,416
cks417,alex-co417,table417,417
cks418,alex-co418,table418,418
cks419,alex-co419,table419,419
cks420,alex-co420,table420,420
cks421,alex-co421,table421,421
cks422,alex-co422,table422,422
cks423,alex-co423,table423,423
cks424,alex-co424,table424,424
cks425,alex-co425,table425,425
cks426,alex-co426,table426,426
cks427,alex-co427,table427,427
cks428,alex-co428,table428,428
cks429,alex-co429,table429,429
cks430,alex-co430,table430,430
cks431,alex-co431,table431,431
cks432,alex-co432,table432,432
cks433,alex-co433,table433,433
cks434,alex-co434,table434,434
cks435,alex-co435,table435,435
cks436,alex-co436,table436,436
cks437,alex-co437,table437,437
cks438,alex-co438,table438,438
cks439,alex-co439,table439,439
cks440,alex-co440,table440,440
cks441,alex-co441,table441,441
cks442,alex-co442,table442,442
cks443,alex-co443,table443,443
cks444,alex-co444,table444,444
cks445,alex-co445,table445,445
cks446,alex-co446,table446,446
cks447,alex-co447,table447,447
cks448,alex-co448,table448,448
cks449,alex-co449,table449,449
cks450,alex-co450,table450,450
cks451,alex-co451,table451,451
cks452,alex-co452,table452,452
cks453,alex-co453,table453,453
cks454,alex-co454,table454,454
cks455,alex-co455,table455,455
cks456,alex-co456,table456,456
cks457,alex-co457,table457,457
cks458,alex-co458,table458,458
cks459,alex-co459,table459,459
cks460,alex-co460,table460,460
cks461,alex-co461,table461,461
cks462,alex-co462,table462,462
cks463,alex-co463,table463,463
cks464,alex-co464,table464,464
cks465,alex-co465,table465,465
cks466,alex-co466,table466,466
cks467,alex-co467,table467,467
cks468,alex-co468,table468,468
cks469,alex-co469,table469,469
cks470,alex-co470,table470,470
cks471,alex-co471,table471,471
cks472,alex-co472,table472,472
cks473,alex-co473,table473,473
cks474,alex-co474,table474,474
cks475,alex-co475,table475,475
cks476,alex-co476,table476,476
cks477,alex-co477,table477,477
cks478,alex-co478,table478,478
cks479,alex-co479,table479,479
cks480,alex-co480,table480,480
cks481,alex-co481,table481,481
cks482,alex-co482,table482,482
cks483,alex-co483,table483,483
cks484,alex-co484,table484,484
cks485,alex-co485,table485,485
cks486,alex-co486,table486,486
cks487,alex-co487,table487,487
cks488,alex-co488,table488,488
cks489,alex-co489,table489,489
cks490,alex-co490,table490,490
cks491,alex-co491,table491,491
cks492,alex-co492,table492,492
cks493,alex-co493,table493,493
cks494,alex-co494,table494,494
cks495,alex-co495,table495,495
cks496,alex-co496,table496,496
cks497,alex-co497,table497,497
cks498,alex-co498,table498,498
cks499,alex-co499,table499,499
cks500,alex-co500,table500,500
cks501,alex-co501,table501,501
cks502,alex-co502,table502,502
cks503,alex-co503,table503,503
cks504,alex-co504,table504,504
cks505,alex-co505,table505,505
cks506,alex-co506,table506,506
cks507,alex-co507,table507,507
cks508,alex-co508,table508,508
cks509,alex-co509,table509,509
cks510,alex-co510,table510,510
cks511,alex-co511,table511,511
cks512,alex-co512,table512,512
cks513,alex-co513,table513,513
cks514,alex-co514,table514,514
cks515,alex-co515,table515,515
cks516,alex-co516,table516,516
cks517,alex-co517,table517,517
cks518,alex-co518,table518,518
cks519,alex-co519,table519,519
cks520,alex-co520,table520,520
cks521,alex-co521,table521,521
cks522,alex-co522,table522,522
cks523,alex-co523,table523,523
cks524,alex-co524,table524,524
cks525,alex-co525,table525,525
cks526,alex-co526,table526,526
cks527,alex-co527,table527,527
cks528,alex-co528,table528,528
cks529,alex-co529,table529,529
cks530,alex-co530,table530,530
cks531,alex-co531,table531,531
cks532,alex-co532,table532,532
cks533,alex-co533,table533,533
cks534,alex-co534,table534,534
cks535,alex-co535,table535,535
cks536,alex-co536,table536,536
cks537,alex-co537,table537,537
cks538,alex-co538,table538,538
cks539,alex-co539,table539,539
cks540,alex-co540,table540,540
cks541,alex-co541,table541,541
cks542,alex-co542,table542,542
cks543,alex-co543,table543,543
cks544,alex-co544,table544,544
cks545,alex-co545,table545,545
cks546,alex-co546,table546,546
cks547,alex-co547,table547,547
cks548,alex-co548,table548,548
cks549,alex-co549,table549,549
cks550,alex-co550,table550,550
cks551,alex-co551,table551,551
cks552,alex-co552,table552,552
cks553,alex-co553,table553,553
cks554,alex-co554,table554,554
cks555,alex-co555,table555,555
cks556,alex-co556,table556,556
cks557,alex-co557,table557,557
cks558,alex-co558,table558,558
cks559,alex-co559,table559,559
cks560,alex-co560,table560,560
cks561,alex-co561,table561,561
cks562,alex-co562,table562,562
cks563,alex-co563,table563,563
cks564,alex-co564,table564,564
cks565,alex-co565,table565,565
cks566,alex-co566,table566,566
cks567,alex-co567,table567,567
cks568,alex-co568,table568,568
cks569,alex-co569,table569,569
cks570,alex-co570,table570,570
cks571,alex-co571,table571,571
cks572,alex-co572,table572,572
cks573,alex-co573,table573,573
cks574,alex-co574,table574,574
cks575,alex-co575,table575,575
cks576,alex-co576,table576,576
cks577,alex-co577,table577,577
cks578,alex-co578,table578,578
cks579,alex-co579,table579,579
cks580,alex-co580,table580,580
cks581,alex-co581,table581,581
cks582,alex-co582,table582,582
cks583,alex-co583,table583,583
cks584,alex-co584,table584,584
cks585,alex-co585,table585,585
cks586,alex-co586,table586,586
cks587,alex-co587,table587,587
cks588,alex-co588,table588,588
cks589,alex-co589,table589,589
cks590,alex-co590,table590,590
cks591,alex-co591,table591,591
cks592,alex-co592,table592,592
cks593,alex-co593,table593,593
cks594,alex-co594,table594,594
cks595,alex-co595,table595,595
cks596,alex-co596,table596,596
cks597,alex-co597,table597,597
cks598,alex-co598,table598,598
cks599,alex-co599,table599,599
cks600,alex-co600,table600,600
cks601,alex-co601,table601,601
cks602,alex-co602,table602,602
cks603,alex-co603,table603,603
cks604,alex-co604,table604,604
cks605,alex-co605,table605,605
cks606,alex-co606,table606,606
cks607,alex-co607,table607,607
cks608,alex-co608,table608,608
cks609,alex-co609,table609,609
cks610,alex-co610,table610,610
cks611,alex-co611,table611,611
cks612,alex-co612,table612,612
cks613,alex-co613,table613,613
cks614,alex-co614,table614,614
cks615,alex-co615,table615,615
cks616,alex-co616,table616,616
cks617,alex-co617,table617,617
cks618,alex-co618,table618,618
cks619,alex-co619,table619,619
cks620,alex-co620,table620,620
cks621,alex-co621,table621,621
cks622,alex-co622,table622,622
cks623,alex-co623,table623,623
cks624,alex-co624,table624,624
cks625,alex-co625,table625,625
cks626,alex-co626,table626,626
cks627,alex-co627,table627,627
cks628,alex-co628,table628,628
cks629,alex-co629,table629,629
cks630,alex-co630,table630,630
cks631,alex-co631,table631,631
cks632,alex-co632,table632,632
cks633,alex-co633,table633,633
cks634,alex-co634,table634,634
cks635,alex-co635,table635,635
cks636,alex-co636,table636,636
cks637,alex-co637,table637,637
cks638,alex-co638,table638,638
cks639,alex-co639,table639,639
cks640,alex-co640,table640,640
cks641,alex-co641,table641,641
cks642,alex-co642,table642,642
cks643,alex-co643,table643,643
cks644,alex-co644,table644,644
cks645,alex-co645,table645,645
cks646,alex-co646,table646,646
cks647,alex-co647,table647,647
cks648,alex-co648,table648,648
cks649,alex-co649,table649,649
cks650,alex-co650,table650,650
cks651,alex-co651,table651,651
cks652,alex-co652,table652,652
cks653,alex-co653,table653,653
cks654,alex-co654,table654,654
cks655,alex-co655,table655,655
cks656,alex-co656,table656,656
cks657,alex-co657,table657,657
cks658,alex-co658,table658,658
cks659,alex-co659,table659,659
cks660,alex-co660,table660,660
cks661,alex-co661,table661,661
cks662,alex-co662,table662,662
cks663,alex-co663,table663,663
cks664,alex-co664,table664,664
cks665,alex-co665,table665,665
cks666,alex-co666,table666,666
cks667,alex-co667,table667,667
cks668,alex-co668,table668,668
cks669,alex-co669,table669,669
cks670,alex-co670,table670,670
cks671,alex-co671,table671,671
cks672,alex-co672,table672,672
cks673,alex-co673,table673,673
cks674,alex-co674,table674,674
cks675,alex-co675,table675,675
cks676,alex-co676,table676,676
cks677,alex-co677,table677,677
cks678,alex-co678,table678,678
cks679,alex-co679,table679,679
cks680,alex-co680,table680,680
cks681,alex-co681,table681,681
cks682,alex-co682,table682,682
cks683,alex-co683,table683,683
cks684,alex-co684,table684,684
cks685,alex-co685,table685,685
cks686,alex-co686,table686,686
cks687,alex-co687,table687,687
cks688,alex-co688,table688,688
cks689,alex-co689,table689,689
cks690,alex-co690,table690,690
cks691,alex-co691,table691,691
cks692,alex-co692,table692,692
cks693,alex-co693,table693,693
cks694,alex-co694,table694,694
cks695,alex-co695,table695,695
cks696,alex-co696,table696,696
cks697,alex-co697,table697,697
cks698,alex-co698,table698,698
cks699,alex-co699,table699,699
cks700,alex-co700,table700,700
cks701,alex-co701,table701,701
cks702,alex-co702,table702,702
cks703,alex-co703,table703,703
cks704,alex-co704,table704,704
cks705,alex-co705,table705,705
cks706,alex-co706,table706,706
cks707,alex-co707,table707,707
cks708,alex-co708,table708,708
cks709,alex-co709,table709,709
cks710,alex-co710,table710,710
cks711,alex-co711,table711,711
cks712,alex-co712,table712,712
cks713,alex-co713,table713,713
cks714,alex-co714,table714,714
cks715,alex-co715,table715,715
cks716,alex-co716,table716,716
cks717,alex-co717,table717,717
cks718,alex-co718,table718,718
cks719,alex-co719,table719,719
cks720,alex-co720,table720,720
cks721,alex-co721,table721,721
cks722,alex-co722,table722,722
cks723,alex-co723,table723,723
cks724,alex-co724,table724,724
cks725,alex-co725,table725,725
cks726,alex-co726,table726,726
cks727,alex-co727,table727,727
cks728,alex-co728,table728,728
cks729,alex-co729,table729,729
cks730,alex-co730,table730,730
cks731,alex-co731,table731,731
cks732,alex-co732,table732,732
cks733,alex-co733,table733,733
cks734,alex-co734,table734,734
cks735,alex-co735,table735,735
cks736,alex-co736,table736,736
cks737,alex-co737,table737,737
cks738,alex-co738,table738,738
cks739,alex-co739,table739,739
cks740,alex-co740,table740,740
cks741,alex-co741,table741,741
cks742,alex-co742,table742,742
cks743,alex-co743,table743,743
cks744,alex-co744,table744,744
cks745,alex-co745,table745,745
cks746,alex-co746,table746,746
cks747,alex-co747,table747,747
cks748,alex-co748,table748,748
cks749,alex-co749,table749,749
cks750,alex-co750,table750,750
cks751,alex-co751,table751,751
cks752,alex-co752,table752,752
cks753,alex-co753,table753,753
cks754,alex-co754,table754,754
cks755,alex-co755,table755,755
cks756,alex-co756,table756,756
cks757,alex-co757,table757,757
cks758,alex-co758,table758,758
cks759,alex-co759,table759,759
cks760,alex-co760,table760,760
cks761,alex-co761,table761,761
cks762,alex-co762,table762,762
cks763,alex-co763,table763,763
cks764,alex-co764,table764,764
cks765,alex-co765,table765,765
cks766,alex-co766,table766,766
cks767,alex-co767,table767,767
cks768,alex-co768,table768,768
cks769,alex-co769,table769,769
cks770,alex-co770,table770,770
cks771,alex-co771,table771,771
cks772,alex-co772,table772,772
cks773,alex-co773,table773,773
cks774,alex-co774,table774,774
cks775,alex-co775,table775,775
cks776,alex-co776,table776,776
cks777,alex-co777,table777,777
cks778,alex-co778,table778,778
cks779,alex-co779,table779,779
cks780,alex-co780,table780,780
cks781,alex-co781,table781,781
cks782,alex-co782,table782,782
cks783,alex-co783,table783,783
cks784,alex-co784,table784,784
cks785,alex-co785,table785,785
cks786,alex-co786,table786,786
cks787,alex-co787,table787,787
cks788,alex-co788,table788,788
cks789,alex-co789,table789,789
cks790,alex-co790,table790,790
cks791,alex-co791,table791,791
cks792,alex-co792,table792,792
cks793,alex-co793,table793,793
cks794,alex-co794,table794,794
cks795,alex-co795,table795,795
cks796,alex-co796,table796,796
cks797,alex-co797,table797,797
cks798,alex-co798,table798,798
cks799,alex-co799,table799,799
cks800,alex-co800,table800,800
cks801,alex-co801,table801,801
cks802,alex-co802,table802,802
cks803,alex-co803,table803,803
cks804,alex-co804,table804,804
cks805,alex-co805,table805,805
cks806,alex-co806,table806,806
cks807,alex-co807,table807,807
cks808,alex-co808,table808,808
cks809,alex-co809,table809,809
cks810,alex-co810,table810,810
cks811,alex-co811,table811,811
cks812,alex-co812,table812,812
cks813,alex-co813,table813,813
cks814,alex-co814,table814,814
cks815,alex-co815,table815,815
cks816,alex-co816,table816,816
cks817,alex-co817,table817,817
cks818,alex-co818,table818,818
cks819,alex-co819,table819,819
cks820,alex-co820,table820,820
cks821,alex-co821,table821,821
cks822,alex-co822,table822,822
cks823,alex-co823,table823,823
cks824,alex-co824,table824,824
cks825,alex-co825,table825,825
cks826,alex-co826,table826,826
cks827,alex-co827,table827,827
cks828,alex-co828,table828,828
cks829,alex-co829,table829,829
cks830,alex-co830,table830,830
cks831,alex-co831,table831,831
cks832,alex-co832,table832,832
cks833,alex-co833,table833,833
cks834,alex-co834,table834,834
cks835,alex-co835,table835,835
cks836,alex-co836,table836,836
cks837,alex-co837,table837,837
cks838,alex-co838,table838,838
cks839,alex-co839,table839,839
cks840,alex-co840,table840,840
cks841,alex-co841,table841,841
cks842,alex-co842,table842,842
cks843,alex-co843,table843,843
cks844,alex-co844,table844,844
cks845,alex-co845,table845,845
cks846,alex-co846,table846,846
cks847,alex-co847,table847,847
cks848,alex-co848,table848,848
cks849,alex-co849,table849,849
cks850,alex-co850,table850,850
cks851,alex-co851,table851,851
cks852,alex-co852,table852,852
cks853,alex-co853,table853,853
cks854,alex-co854,table854,854
cks855,alex-co855,table855,855
cks856,alex-co856,table856,856
cks857,alex-co857,table857,857
cks858,alex-co858,table858,858
cks859,alex-co859,table859,859
cks860,alex-co860,table860,860
cks861,alex-co861,table861,861
cks862,alex-co862,table862,862
cks863,alex-co863,table863,863
cks864,alex-co864,table864,864
cks865,alex-co865,table865,865
cks866,alex-co866,table866,866
cks867,alex-co867,table867,867
cks868,alex-co868,table868,868
cks869,alex-co869,table869,869
cks870,alex-co870,table870,870
cks871,alex-co871,table871,871
cks872,alex-co872,table872,872
cks873,alex-co873,table873,873
cks874,alex-co874,table874,874
cks875,alex-co875,table875,875
cks876,alex-co876,table876,876
cks877,alex-co877,table877,877
cks878,alex-co878,table878,878
cks879,alex-co879,table879,879
cks880,alex-co880,table880,880
cks881,alex-co881,table881,881
cks882,alex-co882,table882,882
cks883,alex-co883,table883,883
cks884,alex-co884,table884,884
cks885,alex-co885,table885,885
cks886,alex-co886,table886,886
cks887,alex-co887,table887,887
cks888,alex-co888,table888,888
cks889,alex-co889,table889,889
cks890,alex-co890,table890,890
cks891,alex-co891,table891,891
cks892,alex-co892,table892,892
cks893,alex-co893,table893,893
cks894,alex-co894,table894,894
cks895,alex-co895,table895,895
cks896,alex-co896,table896,896
cks897,alex-co897,table897,897
cks898,alex-co898,table898,898
cks899,alex-co899,table899,899
cks900,alex-co900,table900,900
cks901,alex-co901,table901,901
cks902,alex-co902,table902,902
cks903,alex-co903,table903,903
cks904,alex-co904,table904,904
cks905,alex-co905,table905,905
cks906,alex-co906,table906,906
cks907,alex-co907,table907,907
cks908,alex-co908,table908,908
cks909,alex-co909,table909,909
cks910,alex-co910,table910,910
cks911,alex-co911,table911,911
cks912,alex-co912,table912,912
cks913,alex-co913,table913,913
cks914,alex-co914,table914,914
cks915,alex-co915,table915,915
cks916,alex-co916,table916,916
cks917,alex-co917,table917,917
cks918,alex-co918,table918,918
cks919,alex-co919,table919,919
cks920,alex-co920,table920,920
cks921,alex-co921,table921,921
cks922,alex-co922,table922,922
cks923,alex-co923,table923,923
cks924,alex-co924,table924,924
cks925,alex-co925,table925,925
cks926,alex-co926,table926,926
cks927,alex-co927,table927,927
cks928,alex-co928,table928,928
cks929,alex-co929,table929,929
cks930,alex-co930,table930,930
cks931,alex-co931,table931,931
cks932,alex-co932,table932,932
cks933,alex-co933,table933,933
cks934,alex-co934,table934,934
cks935,alex-co935,table935,935
cks936,alex-co936,table936,936
cks937,alex-co937,table937,937
cks938,alex-co938,table938,938
cks939,alex-co939,table939,939
cks940,alex-co940,table940,940
cks941,alex-co941,table941,941
cks942,alex-co942,table942,942
cks943,alex-co943,table943,943
cks944,alex-co944,table944,944
cks945,alex-co945,table945,945
cks946,alex-co946,table946,946
cks947,alex-co947,table947,947
cks948,alex-co948,table948,948
cks949,alex-co949,table949,949
cks950,alex-co950,table950,950
cks951,alex-co951,table951,951
cks952,alex-co952,table952,952
cks953,alex-co953,table953,953
cks954,alex-co954,table954,954
cks955,alex-co955,table955,955
cks956,alex-co956,table956,956
cks957,alex-co957,table957,957
cks958,alex-co958,table958,958
cks959,alex-co959,table959,959
cks960,alex-co960,table960,960
cks961,alex-co961,table961,961
cks962,alex-co962,table962,962
cks963,alex-co963,table963,963
cks964,alex-co964,table964,964
cks965,alex-co965,table965,965
cks966,alex-co966,table966,966
cks967,alex-co967,table967,967
cks968,alex-co968,table968,968
cks969,alex-co969,table969,969
cks970,alex-co970,table970,970
cks971,alex-co971,table971,971
cks972,alex-co972,table972,972
cks973,alex-co973,table973,973
cks974,alex-co974,table974,974
cks975,alex-co975,table975,975
cks976,alex-co976,table976,976
cks977,alex-co977,table977,977
cks978,alex-co978,table978,978
cks979,alex-co979,table979,979
cks980,alex-co980,table980,980
cks981,alex-co981,table981,981
cks982,alex-co982,table982,982
cks983,alex-co983,table983,983
cks984,alex-co984,table984,984
cks985,alex-co985,table985,985
cks986,alex-co986,table986,986
cks987,alex-co987,table987,987
cks988,alex-co988,table988,988
cks989,alex-co989,table989,989
cks990,alex-co990,table990,990
cks991,alex-co991,table991,991
cks992,alex-co992,table992,992
cks993,alex-co993,table993,993
cks994,alex-co994,table994,994
cks995,alex-co995,table995,995
cks996,alex-co996,table996,996
cks997,alex-co997,table997,997
cks998,alex-co998,table998,998
cks999,alex-co999,table999,999
